{
  "metrics": {
    "accuracy": 88.88888888888889,
    "precision": 100.0,
    "recall": 66.66666666666666,
    "f1_score": 80.0,
    "false_positive_rate": 0.0,
    "tp": 2,
    "fp": 0,
    "tn": 6,
    "fn": 1
  },
  "detections": [
    {
      "user": "alice",
      "work_hours_ratio": 0.33,
      "off_hours_ratio": 0.1,
      "weekend_ratio": 0.015,
      "hour_entropy": 3.2404812239617247,
      "avg_bytes": 794006.69,
      "std_bytes": 205895.52030176754,
      "max_bytes": 1386690,
      "p95_bytes": 1113844.0499999996,
      "avg_packets": 78.41,
      "total_bytes": 158801338,
      "unique_destinations": 200,
      "unique_ports": 5,
      "dst_entropy": 7.6438561897747235,
      "port_entropy": 1.5495425383215562,
      "avg_duration": 540.6065683152424,
      "std_duration": 603.9397233786008,
      "max_duration": 3494.6494034988054,
      "avg_flow_rate": 0.8596509674030384,
      "external_ratio": 0.615,
      "external_bytes": 98456794,
      "flows_per_hour": 14.655891872086633,
      "connection_diversity": 1.0,
      "total_flows": 200,
      "anomaly_score": 0.3302696623571263,
      "is_anomaly": false,
      "if_score": 0.5318174618225402,
      "mad_score": 0.14786977148618735,
      "threshold_violations": 0.1,
      "risk_level": "LOW",
      "is_malicious": false
    },
    {
      "user": "bob",
      "work_hours_ratio": 0.325,
      "off_hours_ratio": 0.12,
      "weekend_ratio": 0.03,
      "hour_entropy": 3.377413675067856,
      "avg_bytes": 788830.345,
      "std_bytes": 197164.49547880836,
      "max_bytes": 1311915,
      "p95_bytes": 1129108.9,
      "avg_packets": 104.865,
      "total_bytes": 157766069,
      "unique_destinations": 200,
      "unique_ports": 5,
      "dst_entropy": 7.6438561897747235,
      "port_entropy": 1.4843781545573327,
      "avg_duration": 632.4031500123284,
      "std_duration": 579.6817889194543,
      "max_duration": 2999.337486535042,
      "avg_flow_rate": 0.6312052849515273,
      "external_ratio": 0.61,
      "external_bytes": 96567094,
      "flows_per_hour": 14.825796886582653,
      "connection_diversity": 1.0,
      "total_flows": 200,
      "anomaly_score": 0.33494346037060013,
      "is_anomaly": false,
      "if_score": 0.5403297202751203,
      "mad_score": 0.14926200077679994,
      "threshold_violations": 0.1,
      "risk_level": "LOW",
      "is_malicious": false
    },
    {
      "user": "charlie",
      "work_hours_ratio": 0.535,
      "off_hours_ratio": 0.075,
      "weekend_ratio": 0.015,
      "hour_entropy": 3.3659230550206027,
      "avg_bytes": 204059.975,
      "std_bytes": 52705.09805244616,
      "max_bytes": 327050,
      "p95_bytes": 286911.74999999994,
      "avg_packets": 85.225,
      "total_bytes": 40811995,
      "unique_destinations": 200,
      "unique_ports": 5,
      "dst_entropy": 7.6438561897747235,
      "port_entropy": 1.941225792825517,
      "avg_duration": 166.92405381038657,
      "std_duration": 157.48284004172316,
      "max_duration": 704.4156124956527,
      "avg_flow_rate": 2.8128177186050483,
      "external_ratio": 0.32,
      "external_bytes": 13489089,
      "flows_per_hour": 14.262791941522552,
      "connection_diversity": 1.0,
      "total_flows": 200,
      "anomaly_score": 0.34489684587759506,
      "is_anomaly": false,
      "if_score": 0.563083195596646,
      "mad_score": 0.1445174935975734,
      "threshold_violations": 0.1,
      "risk_level": "LOW",
      "is_malicious": false
    },
    {
      "user": "david",
      "work_hours_ratio": 0.44,
      "off_hours_ratio": 0.12,
      "weekend_ratio": 0.05,
      "hour_entropy": 3.5642842930528387,
      "avg_bytes": 507001.725,
      "std_bytes": 98511.03773158694,
      "max_bytes": 810411,
      "p95_bytes": 662998.7999999999,
      "avg_packets": 82.7,
      "total_bytes": 101400345,
      "unique_destinations": 200,
      "unique_ports": 5,
      "dst_entropy": 7.6438561897747235,
      "port_entropy": 1.808183499101985,
      "avg_duration": 373.5928640038538,
      "std_duration": 375.82344459020953,
      "max_duration": 1853.9800245374643,
      "avg_flow_rate": 1.431739214488647,
      "external_ratio": 0.355,
      "external_bytes": 36385662,
      "flows_per_hour": 12.783409974610727,
      "connection_diversity": 1.0,
      "total_flows": 200,
      "anomaly_score": 0.3196636249959265,
      "is_anomaly": false,
      "if_score": 0.5213520432265186,
      "mad_score": 0.12995867794222393,
      "threshold_violations": 0.1,
      "risk_level": "LOW",
      "is_malicious": false
    },
    {
      "user": "frank",
      "work_hours_ratio": 0.34,
      "off_hours_ratio": 0.175,
      "weekend_ratio": 0.065,
      "hour_entropy": 3.4903639757548723,
      "avg_bytes": 298575.685,
      "std_bytes": 81149.9428741522,
      "max_bytes": 489243,
      "p95_bytes": 431999.8499999999,
      "avg_packets": 88.59,
      "total_bytes": 59715137,
      "unique_destinations": 200,
      "unique_ports": 5,
      "dst_entropy": 7.6438561897747235,
      "port_entropy": 1.4206335588466987,
      "avg_duration": 275.49898631842666,
      "std_duration": 240.39592066809055,
      "max_duration": 1297.2314821968876,
      "avg_flow_rate": 2.7440315235481614,
      "external_ratio": 0.725,
      "external_bytes": 43481897,
      "flows_per_hour": 12.94242418795276,
      "connection_diversity": 1.0,
      "total_flows": 200,
      "anomaly_score": 0.3311694264322834,
      "is_anomaly": false,
      "if_score": 0.5433681621103226,
      "mad_score": 0.13161781792374042,
      "threshold_violations": 0.1,
      "risk_level": "LOW",
      "is_malicious": false
    },
    {
      "user": "grace",
      "work_hours_ratio": 0.395,
      "off_hours_ratio": 0.07,
      "weekend_ratio": 0.025,
      "hour_entropy": 3.3899985741328043,
      "avg_bytes": 808895.58,
      "std_bytes": 187731.415414178,
      "max_bytes": 1302645,
      "p95_bytes": 1103326.0499999998,
      "avg_packets": 89.505,
      "total_bytes": 161779116,
      "unique_destinations": 200,
      "unique_ports": 5,
      "dst_entropy": 7.6438561897747235,
      "port_entropy": 1.551719987059656,
      "avg_duration": 628.8745814697977,
      "std_duration": 571.7156944569256,
      "max_duration": 2941.5711880925624,
      "avg_flow_rate": 0.6147824871825477,
      "external_ratio": 0.605,
      "external_bytes": 97386098,
      "flows_per_hour": 13.18343281942359,
      "connection_diversity": 1.0,
      "total_flows": 200,
      "anomaly_score": 0.32467547934945146,
      "is_anomaly": false,
      "if_score": 0.5288436099530879,
      "mad_score": 0.13417891457635828,
      "threshold_violations": 0.1,
      "risk_level": "LOW",
      "is_malicious": false
    },
    {
      "user": "eve",
      "work_hours_ratio": 0.0,
      "off_hours_ratio": 1.0,
      "weekend_ratio": 0.3466666666666667,
      "hour_entropy": 3.09329391276783,
      "avg_bytes": 8091561.886666667,
      "std_bytes": 2196047.117828886,
      "max_bytes": 13541812,
      "p95_bytes": 12157309.049999999,
      "avg_packets": 797.28,
      "total_bytes": 1213734283,
      "unique_destinations": 150,
      "unique_ports": 1,
      "dst_entropy": 7.228818690495879,
      "port_entropy": -0.0,
      "avg_duration": 2375.180661754045,
      "std_duration": 582.9831262838534,
      "max_duration": 3782.6462626841103,
      "avg_flow_rate": 0.3591249056457332,
      "external_ratio": 1.0,
      "external_bytes": 1213734283,
      "flows_per_hour": 1.2446411284746233,
      "connection_diversity": 1.0,
      "total_flows": 150,
      "anomaly_score": 0.4559557062452916,
      "is_anomaly": true,
      "if_score": 0.554760377648098,
      "mad_score": 0.12858505807080864,
      "threshold_violations": 0.7,
      "risk_level": "MEDIUM",
      "is_malicious": true
    },
    {
      "user": "helen",
      "work_hours_ratio": 0.0,
      "off_hours_ratio": 1.0,
      "weekend_ratio": 1.0,
      "hour_entropy": -0.0,
      "avg_bytes": 297.3,